Workbook

Sheet Approved Quotes
A1: Job Name
A2: Approved Quotes | B2: Total | C2: Notes
A18: Total | B18: =SUM(B3:B17) -> 0
A20: Change Orders

Sheet Labour
A1: Date(s) | B1: Amount
A30: Total | B30: =SUM(B2:B29) -> 0

Sheet Equipment
A1: Date(s) | B1: Amount
A30: Total | B30: =SUM(B2:B29) -> 0

Sheet Material and Supplier Invoices
A1: Material and Supplier Invoices
A2: {='Approved Quotes'!A1:C1} -> Job Name | B2: 0 | C2: 0
A3: Name | B3: Invoice Number | C3: Amount | D3: Notes | E3: Company Totals | F3: Total
E4: {=_xlfn.GROUPBY(Table1[Name], Table1[Amount], _xleta.SUM)} -> 0 | F4: 0
E5: Total | F5: 0
A58: Total | C58: =SUM(C4:C55) -> 0

Sheet Total Breakdown
A1: Total Costs
A2: Labour | B2: =Labour!B30 -> 0
A3: Equipment | B3: =Equipment!B30 -> 0
A4: Material and Supplier | B4: ='Material and Supplier Invoices'!C58 -> 0
A7: Total | B7: =SUM(B2:B6) -> 0
A8: Overhead (12%) | B8: =B7*0.12 -> 0
A10: Total Costs | B10: =SUM(B2:B4,B8) -> 0
A12: Original Contract Value
A13: ='Approved Quotes'!A3 -> 0 | B13: ='Approved Quotes'!B3 -> 0 | C13: ='Approved Quotes'!C3 -> 0
A14: ='Approved Quotes'!A4 -> 0 | B14: ='Approved Quotes'!B4 -> 0 | C14: ='Approved Quotes'!C4 -> 0
A15: ='Approved Quotes'!A5 -> 0 | B15: ='Approved Quotes'!B5 -> 0 | C15: ='Approved Quotes'!C5 -> 0
A16: ='Approved Quotes'!A6 -> 0 | B16: ='Approved Quotes'!B6 -> 0 | C16: ='Approved Quotes'!C6 -> 0
A17: ='Approved Quotes'!A7 -> 0 | B17: ='Approved Quotes'!B7 -> 0 | C17: ='Approved Quotes'!C7 -> 0
A18: ='Approved Quotes'!A8 -> 0 | B18: ='Approved Quotes'!B8 -> 0 | C18: ='Approved Quotes'!C8 -> 0
A19: ='Approved Quotes'!A9 -> 0 | B19: ='Approved Quotes'!B9 -> 0 | C19: ='Approved Quotes'!C9 -> 0
A20: ='Approved Quotes'!A10 -> 0 | B20: ='Approved Quotes'!B10 -> 0 | C20: ='Approved Quotes'!C10 -> 0
A21: Total Contract Value | B21: =SUM(B12:B20) -> 0
A23: Profit | B23: =B21-B10 -> 0
